variant,design,area,period,static_cells
packed,examples/alu.goldl,69285187011,2166512,667044
packed,examples/assembly.goldl,7825312040,750608,173871
packed,examples/blinker.goldl,23423988,41280,4112
packed,examples/counter.goldl,1337730042,299968,66212
packed,examples/cpu.goldl,695317456592,6698368,2117522
packed,examples/full_adder.goldl,240139812,143104,24292
packed,examples/half_adder.goldl,54201645,69832,8643
packed,examples/lfsr.goldl,2766128544,435160,102660
packed,examples/popcount.goldl,8722378662,811840,188997
packed,examples/register_file.goldl,35921864671,1575864,378326
packed,examples/ripple_adder.goldl,2186622592,412112,82380
packed,examples/riscv.goldl,126146905134120,87900944,25294236
packed,examples/traffic_light.goldl,4336612865,588928,124253
packed-v2,examples/alu.goldl,56173099725,1956672,667044
packed-v2,examples/assembly.goldl,6430725032,684560,173871
packed-v2,examples/blinker.goldl,20594588,38872,4112
packed-v2,examples/counter.goldl,1122725520,275200,66212
packed-v2,examples/cpu.goldl,569378278420,6063000,2117522
packed-v2,examples/full_adder.goldl,199030436,132096,24292
packed-v2,examples/half_adder.goldl,46186144,65360,8643
packed-v2,examples/lfsr.goldl,2330399200,398696,102660
packed-v2,examples/popcount.goldl,7207035356,744072,188997
packed-v2,examples/register_file.goldl,29624238080,1429664,378326
packed-v2,examples/ripple_adder.goldl,1807675136,377024,82380
packed-v2,examples/riscv.goldl,105378358588785,80151656,25294236
packed-v2,examples/traffic_light.goldl,3721841025,544208,124253
packed-v3,examples/alu.goldl,44330684940,1745112,667044
packed-v3,examples/assembly.goldl,5360078696,628832,173871
packed-v3,examples/blinker.goldl,19059144,37496,4112
packed-v3,examples/counter.goldl,929938030,251120,66212
packed-v3,examples/cpu.goldl,437304336138,5316176,2117522
packed-v3,examples/full_adder.goldl,181546976,127280,24292
packed-v3,examples/half_adder.goldl,46186144,65360,8643
packed-v3,examples/lfsr.goldl,2042321511,373584,102660
packed-v3,examples/popcount.goldl,6354319556,702792,188997
packed-v3,examples/register_file.goldl,24520005952,1301696,378326
packed-v3,examples/ripple_adder.goldl,1552923872,352256,82380
packed-v3,examples/riscv.goldl,79613564860152,69413696,25294236
packed-v3,examples/traffic_light.goldl,3299675555,504304,124253
qcolumn,examples/alu.goldl,44149681600,1741672,667044
qcolumn,examples/assembly.goldl,5360078696,628832,173871
qcolumn,examples/blinker.goldl,17946390,36464,4112
qcolumn,examples/counter.goldl,903876160,247680,66212
qcolumn,examples/cpu.goldl,427350213850,5255632,2117522
qcolumn,examples/full_adder.goldl,181546976,127280,24292
qcolumn,examples/half_adder.goldl,46186144,65360,8643
qcolumn,examples/lfsr.goldl,1957592075,366016,102660
qcolumn,examples/popcount.goldl,6340558782,702104,188997
qcolumn,examples/register_file.goldl,23877020416,1285184,378326
qcolumn,examples/ripple_adder.goldl,1552923872,352256,82380
qcolumn,examples/riscv.goldl,77119047562627,68287096,25294236
qcolumn,examples/traffic_light.goldl,3235450368,499832,124253
early-outputs,examples/alu.goldl,43800060460,1734448,667044
early-outputs,examples/assembly.goldl,4723900920,593056,173871
early-outputs,examples/blinker.goldl,18060460,38528,4112
early-outputs,examples/counter.goldl,885340160,251120,66212
early-outputs,examples/cpu.goldl,426145528013,5224328,2117522
early-outputs,examples/full_adder.goldl,185079125,128312,24292
early-outputs,examples/half_adder.goldl,41796612,63296,8643
early-outputs,examples/lfsr.goldl,2184018912,390440,102660
early-outputs,examples/popcount.goldl,6217377456,695912,188997
early-outputs,examples/register_file.goldl,24199424914,1290000,378326
early-outputs,examples/ripple_adder.goldl,1509512760,349504,82380
early-outputs,examples/riscv.goldl,79291753039390,69187000,25294236
early-outputs,examples/traffic_light.goldl,3255145400,501208,124253
early-all,examples/alu.goldl,43776794304,1741672,667044
early-all,examples/assembly.goldl,4715361000,593056,173871
early-all,examples/blinker.goldl,18060460,38528,4112
early-all,examples/counter.goldl,891218391,252496,66212
early-all,examples/cpu.goldl,441383211360,5316864,2117522
early-all,examples/full_adder.goldl,189184000,130032,24292
early-all,examples/half_adder.goldl,48810544,68112,8643
early-all,examples/lfsr.goldl,2297401568,406952,102660
early-all,examples/popcount.goldl,6207344964,695912,188997
early-all,examples/register_file.goldl,24306697530,1292752,378326
early-all,examples/ripple_adder.goldl,1514593503,350536,82380
early-all,examples/riscv.goldl,79549392188206,69302584,25294236
early-all,examples/traffic_light.goldl,3241781433,501552,124253
bank-128,examples/alu.goldl,46456562075,1785016,677236
bank-128,examples/assembly.goldl,5360078696,628832,173871
bank-128,examples/blinker.goldl,19059144,37496,4112
bank-128,examples/counter.goldl,929938030,251120,66212
bank-128,examples/cpu.goldl,410989086000,5207816,2132354
bank-128,examples/full_adder.goldl,181546976,127280,24292
bank-128,examples/half_adder.goldl,46186144,65360,8643
bank-128,examples/lfsr.goldl,2042321511,373584,102660
bank-128,examples/popcount.goldl,6255518454,719992,190057
bank-128,examples/register_file.goldl,24403738320,1283120,383294
bank-128,examples/ripple_adder.goldl,1552923872,352256,82380
bank-128,examples/riscv.goldl,76634982451594,68055584,25377008
bank-128,examples/traffic_light.goldl,3299675555,504304,124253
bank-16,examples/alu.goldl,51351980731,1832832,673764
bank-16,examples/assembly.goldl,5194927422,616448,171643
bank-16,examples/blinker.goldl,19059144,37496,4112
bank-16,examples/counter.goldl,929938030,251120,66212
bank-16,examples/cpu.goldl,442521422266,5304480,2128254
bank-16,examples/full_adder.goldl,181546976,127280,24292
bank-16,examples/half_adder.goldl,46186144,65360,8643
bank-16,examples/lfsr.goldl,2485961680,410048,100732
bank-16,examples/popcount.goldl,5672326552,623672,188925
bank-16,examples/register_file.goldl,25978728686,1330936,382372
bank-16,examples/ripple_adder.goldl,1652940250,351224,82856
bank-16,examples/riscv.goldl,82963834971479,70920416,25279952
bank-16,examples/traffic_light.goldl,3305949306,483320,124351
bank-32,examples/alu.goldl,44330684940,1745112,667044
bank-32,examples/assembly.goldl,5360078696,628832,173871
bank-32,examples/blinker.goldl,19059144,37496,4112
bank-32,examples/counter.goldl,929938030,251120,66212
bank-32,examples/cpu.goldl,437304336138,5316176,2117522
bank-32,examples/full_adder.goldl,181546976,127280,24292
bank-32,examples/half_adder.goldl,46186144,65360,8643
bank-32,examples/lfsr.goldl,2042321511,373584,102660
bank-32,examples/popcount.goldl,6354319556,702792,188997
bank-32,examples/register_file.goldl,24520005952,1301696,378326
bank-32,examples/ripple_adder.goldl,1552923872,352256,82380
bank-32,examples/riscv.goldl,79613564860152,69413696,25294236
bank-32,examples/traffic_light.goldl,3299675555,504304,124253
bank-64,examples/alu.goldl,45303062508,1767472,668826
bank-64,examples/assembly.goldl,5360078696,628832,173871
bank-64,examples/blinker.goldl,19059144,37496,4112
bank-64,examples/counter.goldl,929938030,251120,66212
bank-64,examples/cpu.goldl,414607286224,5175136,2123012
bank-64,examples/full_adder.goldl,181546976,127280,24292
bank-64,examples/half_adder.goldl,46186144,65360,8643
bank-64,examples/lfsr.goldl,2042321511,373584,102660
bank-64,examples/popcount.goldl,6255518454,719992,190057
bank-64,examples/register_file.goldl,25097712310,1312016,380360
bank-64,examples/ripple_adder.goldl,1552923872,352256,82380
bank-64,examples/riscv.goldl,76952279917680,68222424,25300068
bank-64,examples/traffic_light.goldl,3299675555,504304,124253
bank-8,examples/alu.goldl,55306042828,1875144,677356
bank-8,examples/assembly.goldl,5210668912,590648,171299
bank-8,examples/blinker.goldl,19059144,37496,4112
bank-8,examples/counter.goldl,1114454340,283800,67930
bank-8,examples/cpu.goldl,514058996270,5694920,2166140
bank-8,examples/full_adder.goldl,181546976,127280,24292
bank-8,examples/half_adder.goldl,46186144,65360,8643
bank-8,examples/lfsr.goldl,3104458500,458896,101464
bank-8,examples/popcount.goldl,6701939580,672864,190931
bank-8,examples/register_file.goldl,26952270912,1318896,384654
bank-8,examples/ripple_adder.goldl,1511188140,333680,83540
bank-8,examples/riscv.goldl,89837634685466,73516240,25453752
bank-8,examples/traffic_light.goldl,2973941880,445824,123885
schedule-bucket-1024,examples/alu.goldl,77842731264,2265240,667044
schedule-bucket-1024,examples/assembly.goldl,5411181875,622296,173871
schedule-bucket-1024,examples/blinker.goldl,19059144,37496,4112
schedule-bucket-1024,examples/counter.goldl,1103539734,277264,66212
schedule-bucket-1024,examples/cpu.goldl,697835038480,6684952,2117522
schedule-bucket-1024,examples/full_adder.goldl,166949504,117648,24292
schedule-bucket-1024,examples/half_adder.goldl,46186144,65360,8643
schedule-bucket-1024,examples/lfsr.goldl,2832077952,437224,102660
schedule-bucket-1024,examples/popcount.goldl,6231511440,659792,188997
schedule-bucket-1024,examples/register_file.goldl,23822241984,1257664,378326
schedule-bucket-1024,examples/ripple_adder.goldl,1755903071,367736,82380
schedule-bucket-1024,examples/riscv.goldl,143007976103436,93605840,25294236
schedule-bucket-1024,examples/traffic_light.goldl,3243131112,492264,124253
schedule-bucket-16,examples/alu.goldl,50392062780,1836616,667044
schedule-bucket-16,examples/assembly.goldl,5302099863,633304,173871
schedule-bucket-16,examples/blinker.goldl,19059144,37496,4112
schedule-bucket-16,examples/counter.goldl,1134001044,277264,66212
schedule-bucket-16,examples/cpu.goldl,495540320158,5635408,2117522
schedule-bucket-16,examples/full_adder.goldl,179473788,122464,24292
schedule-bucket-16,examples/half_adder.goldl,46186144,65360,8643
schedule-bucket-16,examples/lfsr.goldl,2559606299,426560,102660
schedule-bucket-16,examples/popcount.goldl,5572974528,633304,188997
schedule-bucket-16,examples/register_file.goldl,30301787750,1433448,378326
schedule-bucket-16,examples/ripple_adder.goldl,2056800229,389064,82380
schedule-bucket-16,examples/riscv.goldl,84760681849724,71614264,25294236
schedule-bucket-16,examples/traffic_light.goldl,3178328473,500176,124253
schedule-bucket-256,examples/alu.goldl,77842731264,2265240,667044
schedule-bucket-256,examples/assembly.goldl,5411181875,622296,173871
schedule-bucket-256,examples/blinker.goldl,19059144,37496,4112
schedule-bucket-256,examples/counter.goldl,1103539734,277264,66212
schedule-bucket-256,examples/cpu.goldl,697835038480,6684952,2117522
schedule-bucket-256,examples/full_adder.goldl,166949504,117648,24292
schedule-bucket-256,examples/half_adder.goldl,46186144,65360,8643
schedule-bucket-256,examples/lfsr.goldl,2832077952,437224,102660
schedule-bucket-256,examples/popcount.goldl,6231511440,659792,188997
schedule-bucket-256,examples/register_file.goldl,23822241984,1257664,378326
schedule-bucket-256,examples/ripple_adder.goldl,1755903071,367736,82380
schedule-bucket-256,examples/riscv.goldl,115737008118428,83972464,25294236
schedule-bucket-256,examples/traffic_light.goldl,3243131112,492264,124253
schedule-bucket-4,examples/alu.goldl,35123168100,1552128,667044
schedule-bucket-4,examples/assembly.goldl,4738537904,587552,173871
schedule-bucket-4,examples/blinker.goldl,19059144,37496,4112
schedule-bucket-4,examples/counter.goldl,1254121803,292056,66212
schedule-bucket-4,examples/cpu.goldl,360640175454,4811528,2117522
schedule-bucket-4,examples/full_adder.goldl,203359993,137256,24292
schedule-bucket-4,examples/half_adder.goldl,46836088,65360,8643
schedule-bucket-4,examples/lfsr.goldl,2385439040,404200,102660
schedule-bucket-4,examples/popcount.goldl,5172232128,642248,188997
schedule-bucket-4,examples/register_file.goldl,24212532220,1273488,378326
schedule-bucket-4,examples/ripple_adder.goldl,2054980620,392848,82380
schedule-bucket-4,examples/riscv.goldl,60385748040099,60112280,25294236
schedule-bucket-4,examples/traffic_light.goldl,3123274895,482288,124253
schedule-bucket-64,examples/alu.goldl,63490889070,2053680,667044
schedule-bucket-64,examples/assembly.goldl,5360875540,621264,173871
schedule-bucket-64,examples/blinker.goldl,19059144,37496,4112
schedule-bucket-64,examples/counter.goldl,1103539734,277264,66212
schedule-bucket-64,examples/cpu.goldl,573574132836,6078824,2117522
schedule-bucket-64,examples/full_adder.goldl,166949504,117648,24292
schedule-bucket-64,examples/half_adder.goldl,46186144,65360,8643
schedule-bucket-64,examples/lfsr.goldl,2832077952,437224,102660
schedule-bucket-64,examples/popcount.goldl,5163773769,610600,188997
schedule-bucket-64,examples/register_file.goldl,23743860480,1257664,378326
schedule-bucket-64,examples/ripple_adder.goldl,1494538959,350536,82380
schedule-bucket-64,examples/riscv.goldl,103190148431505,79216664,25294236
schedule-bucket-64,examples/traffic_light.goldl,3117237024,485384,124253
schedule-fifo,examples/alu.goldl,71027835095,2188528,667044
schedule-fifo,examples/assembly.goldl,5800828593,636744,173871
schedule-fifo,examples/blinker.goldl,19059144,37496,4112
schedule-fifo,examples/counter.goldl,1158754604,278984,66212
schedule-fifo,examples/cpu.goldl,1010520367044,8103264,2117522
schedule-fifo,examples/full_adder.goldl,166949504,117648,24292
schedule-fifo,examples/half_adder.goldl,46186144,65360,8643
schedule-fifo,examples/lfsr.goldl,3038103907,453392,102660
schedule-fifo,examples/popcount.goldl,6806005675,690408,188997
schedule-fifo,examples/register_file.goldl,24533187569,1282776,378326
schedule-fifo,examples/ripple_adder.goldl,1755903071,367736,82380
schedule-fifo,examples/riscv.goldl,160406082784368,99318304,25294236
schedule-fifo,examples/traffic_light.goldl,3298746048,492264,124253
schedule-phase,examples/alu.goldl,31260136866,1468536,667044
schedule-phase,examples/assembly.goldl,4223832297,554872,173871
schedule-phase,examples/blinker.goldl,19059144,37496,4112
schedule-phase,examples/counter.goldl,1493112924,323016,66212
schedule-phase,examples/cpu.goldl,327801741310,4578640,2117522
schedule-phase,examples/full_adder.goldl,199644148,136224,24292
schedule-phase,examples/half_adder.goldl,48697656,65360,8643
schedule-phase,examples/lfsr.goldl,2402293320,405576,102660
schedule-phase,examples/popcount.goldl,4300404516,595808,188997
schedule-phase,examples/register_file.goldl,22751578332,1236336,378326
schedule-phase,examples/ripple_adder.goldl,1653463552,350880,82380
schedule-phase,examples/riscv.goldl,55989085071525,58020072,25294236
schedule-phase,examples/traffic_light.goldl,2980262915,471968,124253
schedule-pressure-fifo,examples/alu.goldl,77842731264,2265240,667044
schedule-pressure-fifo,examples/assembly.goldl,5411181875,622296,173871
schedule-pressure-fifo,examples/blinker.goldl,19059144,37496,4112
schedule-pressure-fifo,examples/counter.goldl,1103539734,277264,66212
schedule-pressure-fifo,examples/cpu.goldl,697835038480,6684952,2117522
schedule-pressure-fifo,examples/full_adder.goldl,166949504,117648,24292
schedule-pressure-fifo,examples/half_adder.goldl,46186144,65360,8643
schedule-pressure-fifo,examples/lfsr.goldl,2832077952,437224,102660
schedule-pressure-fifo,examples/popcount.goldl,6231511440,659792,188997
schedule-pressure-fifo,examples/register_file.goldl,23822241984,1257664,378326
schedule-pressure-fifo,examples/ripple_adder.goldl,1755903071,367736,82380
schedule-pressure-fifo,examples/riscv.goldl,143007976103436,93605840,25294236
schedule-pressure-fifo,examples/traffic_light.goldl,3243131112,492264,124253
schedule-pressure-late,examples/alu.goldl,106891971690,2646048,667044
schedule-pressure-late,examples/assembly.goldl,5286248640,627456,173871
schedule-pressure-late,examples/blinker.goldl,19059144,37496,4112
schedule-pressure-late,examples/counter.goldl,1204330344,288272,66212
schedule-pressure-late,examples/cpu.goldl,1072212950430,8281112,2117522
schedule-pressure-late,examples/full_adder.goldl,186960336,128656,24292
schedule-pressure-late,examples/half_adder.goldl,46186144,65360,8643
schedule-pressure-late,examples/lfsr.goldl,3442058865,482976,102660
schedule-pressure-late,examples/popcount.goldl,6968923962,707264,188997
schedule-pressure-late,examples/register_file.goldl,23822555967,1262824,378326
schedule-pressure-late,examples/ripple_adder.goldl,2183023557,426904,82380
schedule-pressure-late,examples/riscv.goldl,194452759920040,109462864,25294236
schedule-pressure-late,examples/traffic_light.goldl,3382728256,505336,124253
final,examples/alu.goldl,31092981504,1464752,667044
final,examples/assembly.goldl,4223832297,554872,173871
final,examples/blinker.goldl,17946390,36464,4112
final,examples/counter.goldl,903876160,247680,66212
final,examples/cpu.goldl,319240277910,4518440,2117522
final,examples/full_adder.goldl,181546976,127280,24292
final,examples/half_adder.goldl,46186144,65360,8643
final,examples/lfsr.goldl,1957592075,366016,102660
final,examples/popcount.goldl,4283379225,594776,188997
final,examples/register_file.goldl,22119939765,1219480,378326
final,examples/ripple_adder.goldl,1552923872,352256,82380
final,examples/riscv.goldl,53899753970400,56893472,25294236
final,examples/traffic_light.goldl,2914662975,467152,124253
