design,width,height,area,period,static_cells,components,crossings,splitters,delays,snarks,cc_reflectors,duplicators,eaters
examples/alu.goldl,337735,319263,107826289305,2701088,667044,10844,394,270,7,1044,3024,3416,3360
examples/assembly.goldl,105612,96158,10155438696,848992,173871,2850,90,78,7,298,781,883,888
examples/blinker.goldl,4871,4228,20594588,38872,4112,70,1,2,0,16,15,20,19
examples/counter.goldl,42409,39610,1679820490,336432,66212,1079,36,29,0,120,296,335,328
examples/cpu.goldl,1071908,1066481,1143169515748,8491296,2117522,34453,1003,971,103,3826,9427,10773,10427
examples/full_adder.goldl,17720,13660,242055200,143792,24292,391,17,9,0,34,115,121,121
examples/half_adder.goldl,8368,5752,48132736,68112,8643,142,6,3,0,16,39,43,44
examples/lfsr.goldl,65249,63204,4123997796,514280,102660,1677,60,41,0,186,459,519,513
examples/popcount.goldl,111083,96484,10717732172,892680,188997,3050,109,74,4,282,867,965,936
examples/register_file.goldl,216201,197373,42672239973,1712776,378326,6158,214,161,5,652,1707,1914,1885
examples/ripple_adder.goldl,53068,45906,2436139608,429312,82380,1328,59,30,0,106,391,414,417
examples/riscv.goldl,14374124,13965392,200740276316608,110704704,25294236,413527,11843,11681,1358,49394,110939,128529,124665
examples/traffic_light.goldl,79821,75572,6032232612,635368,124253,2012,56,54,8,218,561,627,606
