variant,design,area,period,static_cells
p116,examples/alu.goldl,389870198160,5075032,913002
p116,examples/blinker.goldl,23533240,41624,4632
p116,examples/counter.goldl,3895939110,534920,87236
p116,examples/cpu.goldl,3411251102281,15245392,2849961
p116,examples/full_adder.goldl,480009684,204336,28183
p116,examples/half_adder.goldl,87531840,81872,9059
p116,examples/lfsr.goldl,9604341360,830416,126664
p116,examples/popcount.goldl,23994306758,1312360,237095
p116,examples/register_file.goldl,97011367420,2650864,461829
p116,examples/ripple_adder.goldl,5318800965,646376,97555
p116,examples/traffic_light.goldl,11904453482,945312,161247
mix-b32-pressure-t1-s1,examples/alu.goldl,293910566480,4477160,863580
mix-b32-pressure-t1-s1,examples/blinker.goldl,23533240,41624,4632
mix-b32-pressure-t1-s1,examples/counter.goldl,3255656220,474376,79980
mix-b32-pressure-t1-s1,examples/cpu.goldl,2819028855356,13597288,2704418
mix-b32-pressure-t1-s1,examples/full_adder.goldl,497647605,198144,28196
mix-b32-pressure-t1-s1,examples/half_adder.goldl,86744106,86688,9059
mix-b32-pressure-t1-s1,examples/lfsr.goldl,8064846972,735128,122804
mix-b32-pressure-t1-s1,examples/popcount.goldl,23433282756,1310640,235277
mix-b32-pressure-t1-s1,examples/register_file.goldl,95628357000,2558672,475074
mix-b32-pressure-t1-s1,examples/ripple_adder.goldl,4938268650,616448,96188
mix-b32-pressure-t1-s1,examples/traffic_light.goldl,10565231156,876168,152377
slow2-p116,examples/alu.goldl,285144092352,4355040,699858
slow2-p116,examples/blinker.goldl,23682032,41968,4112
slow2-p116,examples/counter.goldl,2967092576,468872,68236
slow2-p116,examples/cpu.goldl,2470432904362,13027624,2163009
slow2-p116,examples/full_adder.goldl,465378568,197800,26023
slow2-p116,examples/half_adder.goldl,86726536,81872,8643
slow2-p116,examples/lfsr.goldl,7573820500,734440,103904
slow2-p116,examples/popcount.goldl,16961682348,1133136,187535
slow2-p116,examples/register_file.goldl,69814082520,2295512,369389
slow2-p116,examples/ripple_adder.goldl,4730556973,611632,83747
slow2-p116,examples/traffic_light.goldl,9036745005,824568,127423
slow2-mix-p116,examples/alu.goldl,217898642184,3824936,667044
slow2-mix-p116,examples/blinker.goldl,23682032,41968,4112
slow2-mix-p116,examples/counter.goldl,2849188848,439976,66212
slow2-mix-p116,examples/cpu.goldl,2105065150894,11712168,2121562
slow2-mix-p116,examples/full_adder.goldl,409350656,180944,24292
slow2-mix-p116,examples/half_adder.goldl,85936910,86688,8643
slow2-mix-p116,examples/lfsr.goldl,6555013790,659448,102660
slow2-mix-p116,examples/popcount.goldl,18370028856,1148272,188997
slow2-mix-p116,examples/register_file.goldl,74293380810,2250448,378730
slow2-mix-p116,examples/ripple_adder.goldl,4216552390,571728,82380
slow2-mix-p116,examples/traffic_light.goldl,8579639220,783976,124657
slow2-mix-p128,examples/alu.goldl,264754491796,4217096,695124
slow2-mix-p128,examples/blinker.goldl,28663844,46096,4320
slow2-mix-p128,examples/counter.goldl,3414044361,481600,69228
slow2-mix-p128,examples/cpu.goldl,2517913644697,12837048,2218194
slow2-mix-p128,examples/full_adder.goldl,494602537,198488,25228
slow2-mix-p128,examples/half_adder.goldl,102962064,94600,8955
slow2-mix-p128,examples/lfsr.goldl,7945880929,725496,106924
slow2-mix-p128,examples/popcount.goldl,22203912364,1261104,196693
slow2-mix-p128,examples/register_file.goldl,90030953650,2476800,395070
slow2-mix-p128,examples/ripple_adder.goldl,5121530964,627456,85500
slow2-mix-p128,examples/traffic_light.goldl,10232858826,855872,129765
weighted-DELAY_THRESHOLD-32,examples/alu.goldl,219844149948,3851080,667408
weighted-DELAY_THRESHOLD-32,examples/blinker.goldl,23682032,41968,4112
weighted-DELAY_THRESHOLD-32,examples/counter.goldl,2849188848,439976,66212
weighted-DELAY_THRESHOLD-32,examples/cpu.goldl,2147604000240,11795416,2135770
weighted-DELAY_THRESHOLD-32,examples/full_adder.goldl,409350656,180944,24292
weighted-DELAY_THRESHOLD-32,examples/half_adder.goldl,85936910,86688,8643
weighted-DELAY_THRESHOLD-32,examples/lfsr.goldl,6555013790,659448,102660
weighted-DELAY_THRESHOLD-32,examples/popcount.goldl,18086255346,1142080,189621
weighted-DELAY_THRESHOLD-32,examples/register_file.goldl,74138441678,2250104,378938
weighted-DELAY_THRESHOLD-32,examples/ripple_adder.goldl,4216552390,571728,82380
weighted-DELAY_THRESHOLD-32,examples/traffic_light.goldl,8638139767,796016,127117
weighted-DELAY_THRESHOLD-1000000,examples/alu.goldl,221614527420,3848328,673280
weighted-DELAY_THRESHOLD-1000000,examples/blinker.goldl,23682032,41968,4112
weighted-DELAY_THRESHOLD-1000000,examples/counter.goldl,2849188848,439976,66212
weighted-DELAY_THRESHOLD-1000000,examples/cpu.goldl,2275232068098,12134256,2204510
weighted-DELAY_THRESHOLD-1000000,examples/full_adder.goldl,409350656,180944,24292
weighted-DELAY_THRESHOLD-1000000,examples/half_adder.goldl,85936910,86688,8643
weighted-DELAY_THRESHOLD-1000000,examples/lfsr.goldl,6555013790,659448,102660
weighted-DELAY_THRESHOLD-1000000,examples/popcount.goldl,18086255346,1142080,189621
weighted-DELAY_THRESHOLD-1000000,examples/register_file.goldl,75767723004,2260424,380774
weighted-DELAY_THRESHOLD-1000000,examples/ripple_adder.goldl,4216552390,571728,82380
weighted-DELAY_THRESHOLD-1000000,examples/traffic_light.goldl,8903937102,801520,128953
weighted-BANK-8,examples/alu.goldl,234098793852,3934672,677962
weighted-BANK-8,examples/blinker.goldl,23682032,41968,4112
weighted-BANK-8,examples/counter.goldl,3059976803,465776,67930
weighted-BANK-8,examples/cpu.goldl,2238886837880,12079904,2171796
weighted-BANK-8,examples/full_adder.goldl,409350656,180944,24292
weighted-BANK-8,examples/half_adder.goldl,85936910,86688,8643
weighted-BANK-8,examples/lfsr.goldl,7153338611,690752,101464
weighted-BANK-8,examples/popcount.goldl,19604470670,1159624,190931
weighted-BANK-8,examples/register_file.goldl,82843062363,2323720,384654
weighted-BANK-8,examples/ripple_adder.goldl,4463161000,562096,83540
weighted-BANK-8,examples/traffic_light.goldl,8237921958,755424,124087
weighted-BANK-16,examples/alu.goldl,227721150568,3892016,674168
weighted-BANK-16,examples/blinker.goldl,23682032,41968,4112
weighted-BANK-16,examples/counter.goldl,2849188848,439976,66212
weighted-BANK-16,examples/cpu.goldl,2119375410669,11774088,2132294
weighted-BANK-16,examples/full_adder.goldl,409350656,180944,24292
weighted-BANK-16,examples/half_adder.goldl,85936910,86688,8643
weighted-BANK-16,examples/lfsr.goldl,6542783408,661856,100732
weighted-BANK-16,examples/popcount.goldl,18680500272,1127976,188925
weighted-BANK-16,examples/register_file.goldl,78111706569,2325096,382372
weighted-BANK-16,examples/ripple_adder.goldl,4308611648,569664,82856
weighted-BANK-16,examples/traffic_light.goldl,8952262020,800488,124553
weighted-BANK-64,examples/alu.goldl,218504646165,3843512,668826
weighted-BANK-64,examples/blinker.goldl,23682032,41968,4112
weighted-BANK-64,examples/counter.goldl,2849188848,439976,66212
weighted-BANK-64,examples/cpu.goldl,2089030783938,11686024,2127658
weighted-BANK-64,examples/full_adder.goldl,409350656,180944,24292
weighted-BANK-64,examples/half_adder.goldl,85936910,86688,8643
weighted-BANK-64,examples/lfsr.goldl,6555013790,659448,102660
weighted-BANK-64,examples/popcount.goldl,17928054558,1156528,190057
weighted-BANK-64,examples/register_file.goldl,76805492127,2302736,380764
weighted-BANK-64,examples/ripple_adder.goldl,4216552390,571728,82380
weighted-BANK-64,examples/traffic_light.goldl,8579639220,783976,124657
weighted-ORDER-group,examples/alu.goldl,255386902010,4120088,667044
weighted-ORDER-group,examples/blinker.goldl,23682032,41968,4112
weighted-ORDER-group,examples/counter.goldl,3492526800,528040,66212
weighted-ORDER-group,examples/cpu.goldl,2295668787951,12455896,2121562
weighted-ORDER-group,examples/full_adder.goldl,422652321,186104,24292
weighted-ORDER-group,examples/half_adder.goldl,86726536,81872,8643
weighted-ORDER-group,examples/lfsr.goldl,7570817500,732032,102660
weighted-ORDER-group,examples/popcount.goldl,17315609238,1158592,188997
weighted-ORDER-group,examples/register_file.goldl,86878441158,2480240,378730
weighted-ORDER-group,examples/ripple_adder.goldl,4371445158,588240,82380
weighted-ORDER-group,examples/traffic_light.goldl,8889582182,823536,124657
weighted-ORDER-pressure-depth,examples/alu.goldl,216958475474,3800512,667044
weighted-ORDER-pressure-depth,examples/blinker.goldl,23682032,41968,4112
weighted-ORDER-pressure-depth,examples/counter.goldl,2892523104,453736,66212
weighted-ORDER-pressure-depth,examples/cpu.goldl,2082817931904,11586952,2121562
weighted-ORDER-pressure-depth,examples/full_adder.goldl,437714685,185416,24292
weighted-ORDER-pressure-depth,examples/half_adder.goldl,85936910,86688,8643
weighted-ORDER-pressure-depth,examples/lfsr.goldl,6776717138,673896,102660
weighted-ORDER-pressure-depth,examples/popcount.goldl,19283167540,1165128,188997
weighted-ORDER-pressure-depth,examples/register_file.goldl,84975979440,2362248,378730
weighted-ORDER-pressure-depth,examples/ripple_adder.goldl,3976770579,554872,82380
weighted-ORDER-pressure-depth,examples/traffic_light.goldl,8939075370,817688,124657
weighted-SHARE_INPUTS-all,examples/alu.goldl,254651399585,4109424,740720
weighted-SHARE_INPUTS-all,examples/blinker.goldl,23682032,41968,4112
weighted-SHARE_INPUTS-all,examples/counter.goldl,3675277755,502240,75710
weighted-SHARE_INPUTS-all,examples/cpu.goldl,2105065150894,11712168,2121562
weighted-SHARE_INPUTS-all,examples/full_adder.goldl,477858700,189888,27998
weighted-SHARE_INPUTS-all,examples/half_adder.goldl,89565588,88752,9785
weighted-SHARE_INPUTS-all,examples/lfsr.goldl,8668597938,765400,120534
weighted-SHARE_INPUTS-all,examples/popcount.goldl,19225614726,1164440,199355
weighted-SHARE_INPUTS-all,examples/register_file.goldl,98707689000,2620936,448856
weighted-SHARE_INPUTS-all,examples/ripple_adder.goldl,5223876138,623328,99268
weighted-SHARE_INPUTS-all,examples/traffic_light.goldl,8579639220,783976,124657
